username,sort_code,postcode,Issues
alice.jones,12-34-56,SW1A 1AA,
bob_smith,12-34-56,EC1A 1BB,
charlie,12-34-56,W1A 0AX,
donna99,12-34-56,SW1A 1AA,
edward,12-34-56,SW1A 1AA,
fiona.k,12-34-567,N1 9GU,sort_code
george,12-3x-56,SE1 2XX,sort_code
hannah,12-34-56,E20 2ST,
ian,12-34-56,M1 1AE,
jessica,12-34-5,AB1C 2DE,sort_code
karl,00-00-00,EC2A 1NT,
laura,01-02-03,SW99 9ZZ,
mike1984,10203,W1A 0AX,sort_code
nora,01-02-03,L1 8JQ,
oliver,01-02-03,B33 8TH,
paula,01-02,N12 0AA,sort_code
quinn,01-02-03-04,SE10 9NN,sort_code
rachel_,01-02-0A,SW1 2AB,sort_code
sam,01-02-03,EC1A 1BB,
tina,01-02-03,W11 2BQ,