firstname,lastname,address,phone_number,national_insurance
Alice,Smith,"114 2nd St, Houston, UK",07782 250 055,AB 123456 C
Bob,Johnson,"82 Maple Ave, Dallas, UK",07238 554 642,AB 123456 C
Charlie,Williams,"47 Park Ave, New York, UK",07147 596 227,AB 123456 78
Diana,Brown,"8 Broadway, Chicago, UK",07502 082 757,AB 123456 C
Ethan,Jones,"15 Park Ave, Los Angeles, UK",07734 728 744,AB 123456 C
Fiona,Garcia,"69 Pine St, San Diego, UK",07108 073 018,AB 123456 78
George,Miller,"35 Park Ave, Dallas, UK",07298 474 398,AB 123456 C
Hannah,Davis,"187 Park Ave, San Diego, UK",07335 077 594,AB 123456 C
Ian,Rodriguez,"56 Broadway, Phoenix, UK",07850 408 367,AB 123456 C
Jasmine,Martinez,"51 Broadway, San Antonio, UK",07382 864 558,AB 123456 C
Kevin,Hernandez,"166 2nd St, San Antonio, UK",07651 946 134,AB 123456 C
Laura,Lopez,"57 Elm St, Philadelphia, UK",07493 314 958,AB123456789
Michael,Gonzalez,"98 Maple Ave, Dallas, UK",07215 554 241,AB 123456 78
Nina,Wilson,"69 Broadway, Philadelphia, UK",07871 683 041,AB 123456 C
Oliver,Anderson,"87 Maple Ave, Phoenix, UK",07192 586 441,AB 123456 C
Paula,Thomas,"132 2nd St, Chicago, UK",07839 241 689,AB 123456 C
Quentin,Taylor,"99 Elm St, San Jose, UK",07625 358 830,AB 123456 C
Rachel,Moore,"190 2nd St, New York, UK",07275 403 231,AB 123456 C
Sam,Jackson,"196 High St, San Diego, UK",07651 808 234,AB 123456 78
Tina,Martin,"88 Main St, Dallas, UK",07264 139 243,AB 123456